Amostra,Espectro,Grao,Local,Pico,Centro,FWHM_Gauss,Amplitude,Area_Gauss,Area_Numerica,R2,Chi2,Categoria_Dano,Dose_Estimada
22,1,1,1,1,214.90963221394924,7.897530092490686,0.06663640776340891,0.5601468385755357,0.5470608688453485,0.8801401538302716,0.1518224718149894,Baixo dano,0.4665672370060594
22,1,1,1,2,356.22685976633716,9.439683857509538,0.16473891774185045,1.6552083972320473,1.3144625552259255,0.9995485296385864,0.0008126466505445316,Dano moderado,0.5850509107724577
22,1,1,1,3,439.3138846940721,10.769744061372403,0.37900535317353923,4.3445995152218835,3.1541662476933165,0.9996893339969942,0.0005591988054103554,Dano moderado,0.6872394362352418
22,1,1,1,4,974.2835639928511,9.249307224495524,0.1890932299304491,1.8615907316955984,1.4165984279186117,0.9997831503276117,0.0003903294102989857,Dano moderado,0.5704242740579911
22,1,1,1,5,1007.9389254400696,7.228636399581335,0.9999999999999999,7.694057064211212,6.66665248481545,0.995726311572416,0.0076926391696512065,Baixo dano,0.41517613457983393
22,2,2,1,1,356.101426689784,9.387189279796267,0.15890422958563455,1.587705885513379,1.40821741536136,0.9994974140512389,0.0007897779194816308,Dano moderado,0.5810177523667471
22,2,2,1,2,439.16338722858654,10.270675294137417,0.3398230157912842,3.7149315135230907,2.7857791861197114,0.9999561554991946,7.892010144978938e-05,Dano moderado,0.6488959828485777
22,2,2,1,3,974.5553693547402,9.366627075591913,0.1769528788340825,1.7641677747527806,1.332570729245455,0.9997439584300774,0.0004608748258607071,Dano moderado,0.5794379582177266
22,2,2,1,4,1007.8890925333062,7.549420640529802,0.9999999999999999,8.035495216405467,6.8232746043554755,0.997223275121901,0.00499810478057819,Baixo dano,0.4398219878119046
22,3,3,1,1,356.04247250806094,9.726822503192206,0.16102481844406688,1.6671045304952878,1.2974216329085764,0.9997131186673873,0.0005163863987028181,Dano moderado,0.6071117729202572
22,3,3,1,2,439.13372928780313,9.613402877374583,0.3052849904668835,3.1237884746495683,2.734829264438022,0.999841221075672,0.0002495097382296869,Dano moderado,0.5983977430686891
22,3,3,1,3,974.5159740057043,9.404128666983999,0.1773909383240009,1.7756158625937222,1.3380297779370203,0.9993455151568608,0.0011780727176505523,Dano moderado,0.5823192054843805
22,3,3,1,4,1007.8168978414318,7.591483700052508,0.9999999996266774,8.080266531570281,6.841243227351738,0.9974475188396194,0.0045944660886851115,Baixo dano,0.44305369267503414
22,4,4,1,1,356.0157932239901,9.797752224643862,0.16578246637018482,1.7288768996006767,1.3390861271697418,0.9999256585015922,0.00013381469713408183,Dano moderado,0.6125613034193879
22,4,4,1,2,439.08751673663716,10.083987465033717,0.33422034358617925,3.5872711202706573,2.722962127174325,0.9999754848101288,4.41273417682202e-05,Dano moderado,0.6345527569385404
22,4,4,1,3,974.3223984161489,9.049641630286239,0.17436971518870287,1.6795829688506954,1.295526320226734,0.999770738622208,0.0004126704800255939,Dano moderado,0.5550839664548917
22,4,4,1,4,1007.7497373113054,7.390445774236598,0.9999999999999999,7.866284645362484,6.742473511794823,0.9967467427201042,0.0058558631038123695,Baixo dano,0.42760794883459785
22,5,5,1,1,355.84310645553467,9.343123906204571,0.15414066300331225,1.5328806915031188,1.3618495890429114,0.9992842167592716,0.001124802235430281,Dano moderado,0.5776322097136972
22,5,5,1,2,439.18952732649217,9.869413096753203,0.3228615104921113,3.391615600812655,2.9339624531495434,0.9993003277726702,0.0010994849286611226,Dano moderado,0.6180670082235485
22,5,5,1,3,974.247970192864,8.978696480986075,0.17206450437177337,1.6443853589806499,1.2737064628141752,0.9997713447048384,0.00041157953129082527,Dano moderado,0.5496332506341601
22,5,5,1,4,1007.7499197903123,7.309303137480732,0.9999999999999999,7.779917584823049,6.70244524021323,0.9964508709567436,0.006388432277861624,Baixo dano,0.4213737600526446
22,6,6,1,1,215.07479241413822,8.5788763497689,0.06732337884080272,0.6147454673445327,0.5919540969233182,0.8738346241417301,0.1598094760871419,Dano moderado,0.5189150699527445
22,6,6,1,2,356.0062928563849,9.642681954327879,0.16436327665924597,1.6869478452333446,1.318550843782864,0.9998593013360503,0.00025325759510956883,Dano moderado,0.6006472545510109
22,6,6,1,3,439.0771635641753,9.628574923877187,0.31240651530089186,3.2017035643692475,2.8022464190322456,0.9998325267976056,0.00026317217519117086,Dano moderado,0.5995634114014842
22,6,6,1,4,974.3479707324233,9.21826738512483,0.17412783918193148,1.708506103281139,1.3032785446690123,0.9997969551748084,0.0003654806853448454,Dano moderado,0.5680394831991407
22,6,6,1,5,1007.7432348809424,7.439149104895978,0.9999999999999999,7.918123773048047,6.76574364886624,0.9970550741805967,0.005300866474926003,Baixo dano,0.4313498257291579
22,7,7,1,1,214.78305645362587,7.6760041708172695,0.06592869690978415,0.5386525457066786,0.5286657484476504,0.8708985566937243,0.1635284948546159,Baixo dano,0.44954740044389074
22,7,7,1,2,355.8145113888303,9.401575569052238,0.16395995121129486,1.640731228964549,1.4545783555894005,0.9993643115721935,0.000998938957981593,Dano moderado,0.5821230509702834
22,7,7,1,3,439.06700208066695,10.159759255401983,0.34618447968116706,3.743605125839086,2.828938243011317,0.9999572929019884,7.687277642077582e-05,Dano moderado,0.6403743035925343
22,7,7,1,4,974.2068613951583,9.01362338655805,0.1579078820652915,1.5149637439714474,1.170280175573403,0.9997328156521881,0.00048093182606144893,Dano moderado,0.552316684789255
22,7,7,1,5,1007.7810287987401,7.264746183391431,0.9999999980300119,7.732491785746534,6.68168335330988,0.9963980970011673,0.006483425397898745,Baixo dano,0.4179504492699636
22,8,8,1,1,214.2141879832235,6.4301890598595275,0.062124366692907274,0.4251916619736133,0.42355960084201155,0.8891279524384542,0.13859005945193223,Baixo dano,0.3538314254690075
22,8,8,1,2,356.0159220023004,9.399267266725353,0.16088869635905148,1.6096021901287574,1.4252469819762137,0.9996495810740166,0.0005506583122596356,Dano moderado,0.5819457041025088
22,8,8,1,3,439.1322564405011,9.741108451429369,0.3281014668743155,3.401853236734432,2.961334792465102,0.9995208243238314,0.0007529903482649873,Dano moderado,0.6082093623233183
22,8,8,1,4,974.1797776746707,8.904375918985032,0.15875872093270219,1.5046659752655136,1.1704463405785248,0.9996271370054728,0.0006711533901489617,Dano moderado,0.5439232018556199
22,8,8,1,5,1007.7487657072495,7.310529852185897,0.9999999999999999,7.78122328238775,6.702992225417926,0.9965981905094872,0.0061232570829231935,Baixo dano,0.42146800854344246
22,9,9,1,1,214.4472621861726,7.188451406859989,0.06532362692067162,0.4998096693909274,0.49487792470164443,0.8914171643369049,0.1357285445788689,Baixo dano,0.41208872158905296
22,9,9,1,2,356.03342650160954,9.74833001501533,0.16032853280158207,1.6635661090514857,1.2927733945594304,0.9998036758156447,0.00035338353183951034,Dano moderado,0.6087641950536278
22,9,9,1,3,439.20626414076173,10.685217018783314,0.3745417874893086,4.259735651572881,3.1129763301771187,0.9997933105087287,0.00037204108428837406,Dano moderado,0.680745223553122
22,9,9,1,4,974.3075152838969,8.815479286928962,0.1655744406275752,1.5535965515060612,1.2170554773287245,0.999560061141716,0.000791889944911176,Dano moderado,0.5370932736147521
22,9,9,1,5,1007.7984064918231,7.408691383730358,0.9999999987978376,7.885705001336911,6.753705029640598,0.9970735539407726,0.005267602906609318,Baixo dano,0.42900975901200333
22,10,10,1,1,356.0749342043827,9.475051396316873,0.15085291543260915,1.5213680975775714,1.3438593491076742,0.9995006333369582,0.0007847190419228925,Dano moderado,0.5877681987790253
22,10,10,1,2,439.19752249212365,10.567468163741468,0.3553535644281715,3.9969677755067403,2.942291629960228,0.9996806398869065,0.0005748482035683652,Dano moderado,0.671698579020257
22,10,10,1,3,974.390985880588,9.306798010970692,0.1787789415285481,1.7709882213374306,1.3431969615981323,0.9996737308111112,0.000587284539999802,Dano moderado,0.5748412911828782
22,10,10,1,4,1007.8099399959002,7.476988557155664,0.9999999994630321,7.958399539870473,6.787069256975263,0.9971477018743286,0.005134136626208514,Baixo dano,0.43425703084626965
22,11,11,1,2,356.0717490128216,9.913027931060325,0.16287830122927188,1.7185753713435445,1.3233247548071236,0.9998085880964025,0.0003445414264755619,Dano moderado,0.6214179359433648
22,11,11,1,3,439.11879992451446,10.359115695075403,0.35088928335506253,3.8689383606493095,2.88690573698339,0.9999455140901776,9.807463768026063e-05,Dano moderado,0.6556908588526431
22,11,11,1,4,974.3583525300893,9.239213016986781,0.1795521944342064,1.7657317256503158,1.3451109948826256,0.9998522719503325,0.0002659104894013687,Dano moderado,0.5696487360950944
22,11,11,1,5,1007.8125526511852,7.381198089142066,0.9999999999999999,7.85644154178166,6.740830279449913,0.996867446379147,0.005638596517535393,Baixo dano,0.4268974491887849
22,12,12,1,1,214.64767802317425,8.019530160754124,0.06847743194159127,0.584514666350909,0.572317680587228,0.8886095076371554,0.13923811545355574,Dano moderado,0.47594050225073936
22,12,12,1,2,356.2285437240934,9.216328006224629,0.153049871079345,1.5013775360988262,1.3431524013147258,0.9981340678575799,0.0029321790809459535,Dano moderado,0.5678904807182382
22,12,12,1,3,439.1685002953687,10.303419141261866,0.3471666363189532,3.8073111572422107,2.8491833081168516,0.99990557279804,0.0001699689635279586,Dano moderado,0.6514116926231491
22,12,12,1,4,974.2869053518283,8.906766066349276,0.16073836441322165,1.5238373475094527,1.1863568384127565,0.9996676166746292,0.0005982899856673309,Dano moderado,0.5441068368776149
22,12,12,1,5,1007.8414325149196,7.28680614783641,0.9999999999999999,7.755972111219424,6.694959580463006,0.9962748569783841,0.006705257438908466,Baixo dano,0.4196453163382714
22,13,13,1,2,356.06521383883285,9.844869146392035,0.1639703360102887,1.7182021471254172,1.32831111696189,0.9999317255145664,0.0001228940737803646,Dano moderado,0.6161812965173
22,13,13,1,3,439.07869432660493,10.137877538694307,0.3321456523940524,3.5840547529177034,2.7117525436705936,0.9999692667812092,5.531979382332164e-05,Dano moderado,0.6386931312978835
22,13,13,1,4,974.3590225285291,9.447162084379102,0.18627185429558832,1.8730424801980572,1.4072220149044121,0.9998447053710166,0.0002795303321702746,Dano moderado,0.5856254629428463
22,13,13,1,5,1007.848805368068,7.295959529024161,0.9999999999999999,7.765714839072372,6.699731695644654,0.9963211222098501,0.006621980022269667,Baixo dano,0.42034857061492625
22,14,14,1,2,355.95170783903325,10.047503993596045,0.17139992533800888,1.8330226803479712,1.3967885578475985,0.9999460426663772,9.712320052108393e-05,Dano moderado,0.6317497318279841
22,14,14,1,3,439.1153742928907,9.769225261180393,0.3118332056420605,3.242511356184564,2.8194072240119734,0.9995737042201108,0.0006698933683972086,Dano moderado,0.6103695768164896
22,14,14,1,4,974.414783159627,9.375001499888944,0.18262487671752012,1.822343761422542,1.3759487904907073,0.999793713758265,0.0003713152351230507,Dano moderado,0.5800813652364675
22,14,14,1,5,1007.8564621053532,7.369276789864347,0.9999999999999999,7.8437526815524174,6.736250895843401,0.9966763700344197,0.00598253393804451,Baixo dano,0.42598153576527775
22,15,15,1,1,214.72090851535756,7.372878363301897,0.06153160616097592,0.48287457997260286,0.4759912413368719,0.8754826730085562,0.15772194752249546,Baixo dano,0.42625824465248474
22,15,15,1,2,356.0127037427919,9.348870628627257,0.15836664327516606,1.5758754296275432,1.3983116789012013,0.9995220029028515,0.0007511382955190151,Dano moderado,0.5780737303974322
22,15,15,1,3,439.1789720301403,10.347975401407412,0.3409135458833439,3.7549025317132636,2.801993626235108,0.9999334895089651,0.00011971888386282244,Dano moderado,0.6548349500901315
22,15,15,1,4,974.4049815975222,9.35347537107072,0.17959317422117996,1.7879767049749709,1.3519135676030591,0.99967998655938,0.0005760241931160854,Dano moderado,0.5784275127593634
22,15,15,1,5,1007.8422598494745,7.43569008769243,0.9999999999999999,7.914442044672317,6.768250758730201,0.996965225050166,0.005462594909701055,Baixo dano,0.4310840694374094
22,16,16,1,1,214.9977006432758,8.322864209762864,0.06632015481035948,0.5875128407798785,0.5691385714903822,0.8747369688186237,0.15866650616307656,Dano moderado,0.49924565723608083
22,16,16,1,2,356.08791863767084,9.293435595391394,0.15544986272685804,1.5376789146201795,1.3690442657991853,0.999049110692195,0.0014942546265506486,Dano moderado,0.5738146567939207
22,16,16,1,3,439.13579806259963,10.312960732827833,0.3473583846031659,3.812941773211478,2.852703894486474,0.9999782784539422,3.909878290419838e-05,Dano moderado,0.6521447731031623
22,16,16,1,4,974.2325656852404,8.954410183748776,0.1682458389361879,1.6035419998550258,1.2439052621569395,0.99971469055334,0.0005135570039881293,Dano moderado,0.5477673344174184
22,16,16,1,5,1007.781446944841,7.322101055648472,0.999999997906324,7.793539489327845,6.710412413041488,0.996689316532887,0.005959230240803455,Baixo dano,0.42235702410547205
22,17,17,1,1,355.9944102266471,9.357370226132455,0.16227631043814697,1.6162478507443612,1.4332246882703363,0.9995273163579191,0.0007427885804127517,Dano moderado,0.5787267544737564
22,17,17,1,2,439.12833974065404,10.2326651961694,0.3451892152717152,3.759629130462177,2.826878882622517,0.9999648050896385,6.335083865067454e-05,Dano moderado,0.645975667021695
22,17,17,1,3,974.1868675877937,9.202166234888505,0.17919276548992252,1.7551311298372911,1.3386253433111703,0.9997926462764719,0.0003732367023506234,Dano moderado,0.5668024318264838
22,17,17,1,4,1007.7131225475415,7.369943196958518,0.9999999999999999,7.844461995720002,6.7301779334296885,0.9968467296184005,0.005675886686879053,Baixo dano,0.4260327358223229
22,18,18,1,1,214.58326928048254,7.67464814003707,0.0638765293691427,0.5217936715977637,0.5134815521357456,0.872050311473501,0.15993711065812385,Baixo dano,0.44944321659904807
22,18,18,1,2,355.86080758700086,10.276352602235153,0.1774231047635583,1.9406543713977993,1.4619624942050655,0.999962467921627,6.755774107130883e-05,Dano moderado,0.6493321704297268
22,18,18,1,3,439.08245338644133,9.710426753088427,0.31078573548723065,3.2121692228517476,2.801040369641608,0.9998274576425179,0.0002711379903290913,Dano moderado,0.6058520874397838
22,18,18,1,4,974.2840194700127,8.798481412210942,0.15985019569978928,1.496993504369101,1.1738507481746665,0.9992517665637031,0.0013468201853345696,Dano moderado,0.5357873269001666
22,18,18,1,5,1007.6614386740866,7.5965682540887975,0.9999999999999999,8.08567846108842,6.8343769692370175,0.9978524579421791,0.0038655757040774604,Baixo dano,0.44344433896164226
22,19,19,1,1,214.62300682247354,7.313440710851457,0.06387930531929054,0.49725705354954136,0.49100920312922547,0.8785519065104763,0.1538342517533967,Baixo dano,0.4216916498147174
22,19,19,1,2,355.9011975390872,10.129073820842791,0.17735945472133433,1.9121550460778534,1.4522242746057135,0.999945951543189,9.728722225979068e-05,Dano moderado,0.6380167416553516
22,19,19,1,3,439.1325711898704,10.276660335896413,0.3467033557669528,3.7923557493943574,2.8437014244463317,0.9999487907005971,9.217673892525687e-05,Dano moderado,0.6493558136069213
22,19,19,1,4,974.2102705338641,8.928174748582945,0.1663503677832529,1.5808310956635536,1.2281598328003624,0.9996500685132975,0.0006298766760644756,Dano moderado,0.5457516659336277
22,19,19,1,5,1007.6241836671034,7.50842668627315,0.9999999999999999,7.991861838558905,6.789709721890689,0.9976031813806415,0.004314273514845183,Baixo dano,0.43667242230636616
22,20,20,1,1,214.58193971252885,7.4295623245720765,0.06543933551403144,0.5174890131729672,0.5106093360256077,0.8830020814073392,0.1481973635507038,Baixo dano,0.4306132733968726
22,20,20,1,2,355.9528833887339,9.872425468078397,0.17282040703461005,1.8160086386233152,1.398448443029192,0.9998723110327371,0.0002298401410732582,Dano moderado,0.6182984487124632
22,20,20,1,3,439.0996925556692,10.340354976388797,0.35227777151400175,3.8772134540509278,2.896899825107753,0.9999260060760148,0.00013318906317336482,Dano moderado,0.6542494728359513
22,20,20,1,4,974.1333416397491,9.02487156587407,0.17452256443867376,1.676453989770432,1.2929368764634441,0.9997716297605259,0.00041106643105330375,Dano moderado,0.5531808824061047
22,20,20,1,5,1007.6147973906379,7.420791452102492,0.9999999999999999,7.898584150310039,6.746803520761008,0.9973503608313067,0.004769350503647903,Baixo dano,0.42993940726503443
22,21,21,1,1,214.62743848298155,7.5312586492950775,0.06644732823234127,0.5326526707064199,0.524730144128323,0.8827986397273817,0.1484550563453165,Baixo dano,0.4384266020253408
22,21,21,1,2,355.9414001907004,10.490085449164624,0.18821006003602414,2.101458809167758,1.5605691845101264,0.9999607069911606,7.072741591088588e-05,Dano moderado,0.6657532650593181
22,21,21,1,3,439.1232146662023,10.326007200028792,0.35543399885383387,3.9065232546935413,2.9207410132301543,0.9999001923057788,0.00017965384959830376,Dano moderado,0.653147133178212
22,21,21,1,4,974.0771067554588,9.093267692808068,0.17614042890000775,1.7048181034856824,1.3077961976805732,0.9997243540339631,0.0004961627388665329,Dano moderado,0.5584357568384438
22,21,21,1,5,1007.6140259416862,7.371873687616483,0.9999999999999999,7.846516782330264,6.722882144571522,0.997077156685347,0.005261117966375359,Baixo dano,0.4261810554195743
22,22,22,1,1,214.39668188577073,6.831248236411811,0.06473172356345569,0.47066972144313246,0.460723572785671,0.9299751435508354,0.09003195829178301,Baixo dano,0.38464480200351936
22,22,22,1,2,355.95941917490546,10.54944599873173,0.18427893315020594,2.069209031965323,1.5306142107817775,0.9999105319578571,0.00016104247585724333,Dano moderado,0.6703139360825588
22,22,22,1,3,439.11329465503763,10.46873454176872,0.3486432664482286,3.8848521226941632,2.8795541720227478,0.9999425276799583,0.00010345017607516235,Dano moderado,0.6641128748440908
22,22,22,1,4,974.140699499192,8.728496589507635,0.14428600527675195,1.340487223299335,1.0544513284749049,0.9994941151804584,0.0009105926751749244,Dano moderado,0.5304103929718716
22,22,22,1,5,1007.6290706446422,7.526545926341244,0.9999999999999999,8.011147698206257,6.798742251077778,0.9978996852295222,0.0037805665868601126,Baixo dano,0.4380645235207977
22,23,23,1,1,214.33139232224462,6.633658081434172,0.06661134627418133,0.4703274395897999,0.4621955667958071,0.9264147724752912,0.09460957824605414,Baixo dano,0.3694639503965874
22,23,23,1,2,355.82321481885555,10.091816377159006,0.17828560896810042,1.9150699926022288,1.4597323787779306,0.999956609663083,7.810260645067354e-05,Dano moderado,0.6351542522571264
22,23,23,1,3,439.11894841098973,10.398259171785448,0.36291967448008033,4.016707185590681,2.989994538135583,0.9999087673332568,0.0001642188001377525,Dano moderado,0.6586982521682759
22,23,23,1,4,973.9727366363419,8.57480720074281,0.1499609056909897,1.3686784880919838,1.084480289707176,0.9997291583345993,0.0004875149977212227,Dano moderado,0.5186024372330701
22,23,23,1,5,1007.6058457984223,7.3010555698075015,0.9999999999999999,7.771138991903027,6.6870200455685245,0.9967720978748216,0.005810223825321264,Baixo dano,0.42074009942831037
22,24,24,1,1,214.10415889227187,10.069886115330648,0.10572115016436821,1.1331449325397138,0.8780689310142155,0.9904743639627064,0.017146144867128548,Dano moderado,0.6334693502408537
22,24,24,1,2,355.77773757325565,10.187247365855717,0.17742681257753118,1.9238673538278632,1.4590791392154485,0.999980514792451,3.507337358818097e-05,Dano moderado,0.6424862151186946
22,24,24,1,3,439.1269489922635,10.406225372851107,0.3579932677462532,3.9652183717198772,2.9500079918636635,0.9998575534728359,0.0002564037488954926,Dano moderado,0.6593102953961505
22,24,24,1,4,974.0698946592678,8.801918759482573,0.1659984679692553,1.5551792690269999,1.2161223560136476,0.9997100826236334,0.0005218512774600237,Dano moderado,0.5360514182910461
22,24,24,1,5,1007.5830938496559,7.395462739409104,0.9999999999999929,7.871624631245335,6.731204586004651,0.9972018169070922,0.005036729567234113,Baixo dano,0.42799340226880145
22,26,26,1,1,214.47939344416656,7.059615715119007,0.06486574124741556,0.4874111605061555,0.48304584982232723,0.8801231129707843,0.15184405690367328,Baixo dano,0.4021902753925932
22,26,26,1,2,355.9313529079642,9.953272312621815,0.17400269134686053,1.8434054814050085,1.5927823577132187,0.9997172643428143,0.0004442988898633393,Dano moderado,0.6245099117787339
22,26,26,1,3,439.0559239022429,10.237119205691187,0.3485148700181393,3.7975027404685964,2.8563349976617163,0.9999570673495431,7.7278770822325e-05,Dano moderado,0.6463178685732538
22,26,26,1,4,974.1149313451915,9.092318334974872,0.17498864576500373,1.6934934664512367,1.2999153660993061,0.9997614375440516,0.00042941242070713,Dano moderado,0.5583628176761194
22,26,26,1,5,1007.6420034097903,7.35202292645583,0.9999999999999999,7.825387916428676,6.715763802286455,0.9968969987958062,0.005585402167548852,Baixo dano,0.4246559214396014
22,27,27,1,1,214.3605494225859,6.743010358346138,0.0638298068140127,0.4581169699190863,0.4554243441047574,0.8856963110253677,0.14478467270120093,Baixo dano,0.37786548583173374
22,27,27,1,2,355.91813802140143,9.834811289750084,0.17420003083307672,1.8235315485375305,1.5842363288596026,0.9998505340543087,0.00023487505751495767,Dano moderado,0.6154085513914989
22,27,27,1,3,439.0623243308515,10.27129501507281,0.3492046131396495,3.8177211007267546,2.86540115904971,0.9999637693040923,6.521525263395732e-05,Dano moderado,0.648943596008044
22,27,27,1,4,974.1168404349079,8.670677470310856,0.1618843469553311,1.494021722882972,1.1793348823152157,0.9997359820077842,0.00047523238598827354,Dano moderado,0.5259681500439831
22,27,27,1,5,1007.6888358230863,7.353469814316915,0.9999999999999999,7.826927963147494,6.720343657322029,0.996818990076162,0.005725817862908424,Baixo dano,0.4247670858339685
22,28,28,1,1,355.9858266958853,9.807533644599491,0.16312782208933738,1.70289106727121,1.317377997856397,0.9998919781655254,0.00019443930205419944,Dano moderado,0.6133128099145789
22,28,28,1,2,439.18908700676735,9.861856583742453,0.3181940955563555,3.3400258020040847,2.8903361239541288,0.9992965056016776,0.0011054911973637455,Dano moderado,0.6174864413289326
22,28,28,1,3,974.3584498991888,9.157155087075985,0.17224628793156138,1.6788406004240324,1.2859332663217247,0.9996247652103688,0.0006754226213360728,Dano moderado,0.5633442253400479
22,28,28,1,4,1007.7881139022901,7.552941438224527,0.9999999978135763,8.039242685474076,6.822138360792843,0.9974510489479423,0.004588111893703793,Baixo dano,0.4400924906987903
22,29,29,1,2,355.85892708419124,9.810873337833032,0.17270892685751474,1.8035221363954017,1.3972553053279806,0.9998074902546827,0.00034651754157097623,Dano moderado,0.6135693985457118
22,29,29,1,3,439.17276456994847,9.729074320499215,0.32698883807180984,3.3861287857549263,2.948271950624635,0.9996083422908459,0.0006154621143849486,Dano moderado,0.6072847800439547
22,29,29,1,4,974.2143398341456,9.297568964414522,0.1846228204207973,1.8270642183753052,1.385062910840205,0.9995648659505587,0.0007832412889942648,Dano moderado,0.5741322235359677
22,29,29,1,5,1007.8489729008995,7.2942937026103705,0.9999999999999999,7.763941757293418,6.6989021473641595,0.9962744338285546,0.006706019108601672,Baixo dano,0.4202205851715547
22,30,30,1,1,214.52809927421913,7.184477449479377,0.06516760297745859,0.49834023832900576,0.4930926144656455,0.8678656078653216,0.16516799016834788,Baixo dano,0.41178340244350053
22,30,30,1,2,356.04393105081823,9.355638329977642,0.16763815696027426,1.6693420173663704,1.4814854471362557,0.99943838759433,0.0008825337803384882,Dano moderado,0.5785936928921822
22,30,30,1,3,439.1083185277449,10.148938788294947,0.34456813744826364,3.7221577159161336,2.813617119960292,0.9999900446070699,1.79197072743322e-05,Dano moderado,0.6395429671047007
22,30,30,1,4,974.3098264261316,9.44192986225985,0.1890486885773769,1.8999118948831617,1.4275656051995713,0.9997466605692696,0.00045601097531469193,Dano moderado,0.5852234713174241
22,30,30,1,5,1007.8592681976792,7.3794741707603775,0.9999999999999999,7.854606627743998,6.741312439953601,0.9967844467895438,0.00578799577882116,Baixo dano,0.4267650005395198
22,31,31,1,1,214.69544901469354,7.6806760132593475,0.06441950825284569,0.5266424640708427,0.5174777130823365,0.8621045710023585,0.1723692862470519,Baixo dano,0.4499063380987156
22,31,31,1,2,355.9905604779893,9.784775668139483,0.1747672395315552,1.8201614938402133,1.410160517220154,0.9998821154821864,0.00021219213206453966,Dano moderado,0.6115643145831564
22,31,31,1,3,439.18081292417975,10.280373117965455,0.34502553526088925,3.7753666778371544,2.8288724003136165,0.999965525633351,6.205385996835674e-05,Dano moderado,0.6496410666532859
22,31,31,1,4,974.4350779367933,9.336445063255807,0.17537950778272196,1.742847611925975,1.3193484657900187,0.9995535017608341,0.0008036968304986246,Dano moderado,0.5771190742099437
22,31,31,1,5,1007.8520015712711,7.608394418099015,0.9999999999999999,8.098266060701343,6.850092173587726,0.9976648852792545,0.004203206497342034,Baixo dano,0.44435294314254725
22,32,32,1,1,214.2623834723808,6.207558775281025,0.06043672327496162,0.39931973384440483,0.39806043651845013,0.8633938958752914,0.17075763015588571,Baixo dano,0.3367267407048411
22,32,32,1,2,355.8993154283076,10.276478450234968,0.19999005886549476,2.187518561621728,1.6467692025783582,0.9999661399376055,6.094811231010256e-05,Dano moderado,0.6493418393315525
22,32,32,1,3,439.11457906671654,10.203039675699221,0.35899053967011996,3.8986262454160503,2.937095978347889,0.9999761120781959,4.2998259247302435e-05,Dano moderado,0.6436995382839712
22,32,32,1,4,974.2341890416294,8.79107375430611,0.1676122891012586,1.5683637786227762,1.2299074699063617,0.9997796637318835,0.0003966052826097265,Dano moderado,0.5352181965433384
22,32,32,1,5,1007.8607953847601,7.382301373322617,0.9999999999999999,7.8576158616635805,6.742728441084006,0.9969083573058999,0.005564956849380147,Baixo dano,0.4269822145123766
22,33,33,1,1,214.42710750057648,6.3949395993951175,0.061208911118170235,0.41662960145935557,0.4101576700751109,0.9049681054780017,0.12218386438542639,Baixo dano,0.35112320942152686
22,33,33,1,2,355.91417112491445,9.997028637372741,0.18587682719826737,1.9778584615920338,1.5136974579190574,0.9999332906908531,0.00012007675646443189,Dano moderado,0.6278717102093477
22,33,33,1,3,439.27566830316306,10.533326235981066,0.35802796352675936,4.01403824663975,2.958035034058349,0.9999220092992979,0.00014038326126389,Dano moderado,0.6690754547104253
22,33,33,1,4,974.4638912622689,9.12391973926438,0.17742721322434593,1.7230612285895008,1.3229987919525954,0.9996883932383732,0.0005608921709282119,Dano moderado,0.5607907535676823
22,33,33,1,5,1007.9017464224514,7.596288812187745,0.9999999999999999,8.085381027130758,6.845253803914831,0.997555593759202,0.004399931233436332,Baixo dano,0.44342286944038445
22,34,34,1,1,215.24709651078464,7.0645689010940815,0.07708993383542004,0.579672050383617,0.5184075759282731,0.964381256117382,0.04749165851015728,Baixo dano,0.4025708286710583
22,34,34,1,2,355.96554894308827,10.388612451220268,0.19361119397708132,2.1408539033120078,1.5987401551393308,0.9999616261905153,6.907285707233207e-05,Dano moderado,0.6579570946272532
22,34,34,1,3,439.22652127563197,10.343622850292958,0.34859622881745006,3.837906446817608,2.863054839809387,0.9998994126137473,0.00018105729525499963,Dano moderado,0.6545005435880079
22,34,34,1,4,974.4153702631108,9.04191727101722,0.17059895056985117,1.6418591861043923,1.267511731718007,0.9995500712304098,0.0008098717852623512,Dano moderado,0.5544905039322531
22,34,34,1,5,1007.825512349127,7.600172642457635,0.999999999885962,8.08951491952815,6.845557862921913,0.9977226965414757,0.00409914622534364,Baixo dano,0.4437212641200201
22,35,35,1,1,214.83686241039393,7.574796191095372,0.06292360430923187,0.5073218485015223,0.49816850627509757,0.8535578204107678,0.18549342747969413,Baixo dano,0.4417715913618574
22,35,35,1,2,355.9001514916833,10.169615988612708,0.1934109442068414,2.0935561908471145,1.5861576254404701,0.9999457884071397,9.758086714866861e-05,Dano moderado,0.6411315964051143
22,35,35,1,3,439.20485361018115,10.430761329890098,0.36183933555215136,4.017268026505638,2.9817553129590832,0.9999569208212665,7.754252172018466e-05,Dano moderado,0.6611953929754562
22,35,35,1,4,974.3169429252655,9.22700149153853,0.18014133512120475,1.7691839496983974,1.3485678426944308,0.9997735401662827,0.0004076277006911334,Dano moderado,0.5687105245949052
22,35,35,1,5,1007.8049864740293,7.401878647917621,0.9999999996265195,7.878453629438777,6.750648535266581,0.996915738007566,0.005551671586381058,Baixo dano,0.42848633651951074
22,36,36,1,1,214.84257400034207,7.658546364126014,0.06216428508817738,0.506741312636331,0.4970304259061789,0.8530100012640719,0.18618733173217564,Baixo dano,0.4482061171558016
22,36,36,1,2,355.952632071969,10.096835430955052,0.18903125100997642,2.0315050625893996,1.5442638825322677,0.9999708690392412,5.243572936593073e-05,Dano moderado,0.6355398661602766
22,36,36,1,3,439.21442731436446,9.822146940865297,0.3266139092206086,3.414602275330819,2.9594889666966773,0.9995925265885297,0.0006403153608818423,Dano moderado,0.6144355494666808
22,36,36,1,4,974.2642408945841,8.887793712899855,0.16383986466478104,1.5499317303607274,1.2079873340144607,0.9997123663170605,0.0005177406292911007,Dano moderado,0.5426491909620959
22,36,36,1,5,1007.8147473976045,7.430192634331811,0.999999999797419,7.908590632440807,6.764747354270513,0.9972442730641513,0.0049603084845276915,Baixo dano,0.43066170009571303
22,37,37,1,1,214.8782581120491,8.301398777323332,0.06663843600512552,0.5888098887351119,0.5719966660501761,0.8615404219862297,0.17307447251721284,Dano moderado,0.4975964680617515
22,37,37,1,2,355.9392610999783,9.659124483827336,0.178173110683369,1.8318037686733029,1.6032366268953169,0.9998941131237623,0.00016639366265917572,Dano moderado,0.6019105340924542
22,37,37,1,3,439.18738651341874,9.810636811956302,0.3266789579029636,3.4112801155992782,2.958895202013038,0.9995756823883771,0.0006667848182644665,Dano moderado,0.6135512262626026
22,37,37,1,4,974.2836909112548,9.05440785376559,0.17350764705894373,1.6721594839327814,1.2890742760973095,0.999803584653662,0.00035354762340834465,Dano moderado,0.5554501554048102
22,37,37,1,5,1007.8028341729295,7.381348345526569,0.9999999994345136,7.856601468082741,6.740540596423234,0.9969355590607167,0.00551599369070979,Baixo dano,0.4269089933868063
22,38,38,1,1,214.7354847593472,7.521451443382778,0.0638193679860636,0.5109203227576037,0.5027062580993267,0.868561518854893,0.1664887427838022,Baixo dano,0.4376731143950988
22,38,38,1,2,356.01364370756994,9.533182735442379,0.1691352260448924,1.7162122940373286,1.5108880210257116,0.9997440813164434,0.0004021579313031453,Dano moderado,0.5922344295640379
22,38,38,1,3,439.2131015015886,10.374418353489867,0.35237017648343893,3.891006209007008,2.8977025100269964,0.9999559509917688,7.928821481611778e-05,Dano moderado,0.6568665620986265
22,38,38,1,4,974.2842040595914,9.316139823781054,0.18251188135499194,1.8097815762219216,1.3710620774431321,0.9998062903152962,0.0003486774324668514,Dano moderado,0.5755590226610984
22,38,38,1,5,1007.8373006960046,7.367901245088541,0.9999999999999999,7.842288571391884,6.735098255073743,0.9968553937402103,0.0056602912676214385,Baixo dano,0.4258758526601526
22,39,39,1,1,356.08167554463915,9.824044250379549,0.16991606582300917,1.776739578343833,1.3756906858063376,0.999869890968596,0.00023419625652718284,Dano moderado,0.6145813197566607
22,39,39,1,2,439.19420389306424,9.865473916718686,0.32075187614337036,3.368109332534432,2.9140249220927585,0.9996783606174251,0.0005054333154749034,Dano moderado,0.6177643610214967
22,39,39,1,3,974.3363561916167,9.148938916308861,0.17588803831633917,1.7127976402335572,1.312531563019284,0.9997584873707125,0.00043472273271743454,Dano moderado,0.5627129769400098
22,39,39,1,4,1007.8477328697091,7.432187826867568,0.9999999999999999,7.910714288405338,6.766698482055363,0.9970145518383536,0.005373806690963363,Baixo dano,0.43081499073823526
22,40,40,1,1,356.06510049764967,9.83458820730192,0.17042962833513656,1.7840223856310702,1.3800447358451478,0.9999097814309466,0.00016239342429626814,Dano moderado,0.6153914119670064
22,40,40,1,2,439.1702308702101,10.271590900626382,0.3378278431579485,3.693449599676349,2.7693076858622496,0.9999651292271062,6.276739120875513e-05,Dano moderado,0.648966328895125
22,40,40,1,3,974.4133010657522,9.289592572504475,0.17798841336570187,1.759897690169247,1.3363843366054062,0.9997831322845586,0.00039036188779454327,Dano moderado,0.5735193973455187
22,40,40,1,4,1007.8821742311603,7.4982843690319845,0.9999999999999999,7.98106650133301,6.79903921921424,0.9972371395810415,0.004973148754125179,Baixo dano,0.43589318807272737
22,41,41,1,2,356.0780818901199,9.431482251662644,0.16757740277317276,1.6822650785626694,1.4888230628001369,0.9997239570656843,0.00043378175392472934,Dano moderado,0.5844207813952409
22,41,41,1,3,439.2562535458863,10.583418282558855,0.35639638178994304,4.014747810244045,2.950334751700634,0.9999111779970099,0.0001598796053821607,Dano moderado,0.6729240266489968
22,41,41,1,4,974.4450132673803,9.297299644743228,0.17700767135084663,1.7516524447838242,1.3294891357454435,0.9998065470126819,0.0003482153771724835,Dano moderado,0.5741115317056222
22,41,41,1,5,1007.9004379312796,7.445002239833564,0.9999999999999999,7.924353766054326,6.773738785852741,0.9970744809432992,0.005265934302061381,Baixo dano,0.4317995220864127
22,42,42,1,2,356.08575836556815,10.00574576372743,0.181770134633783,1.935846935373969,1.482702036155898,0.9998864404669429,0.0002044071595028037,Dano moderado,0.6285414470271785
22,42,42,1,3,439.22299490010823,10.289377811749874,0.3418409713897368,3.7437966457008995,2.8022443704797886,0.9999735491483933,4.761153289194402e-05,Dano moderado,0.6503328972767428
22,42,42,1,4,974.4458845701382,9.299560721361793,0.17857552409995506,1.7675975486921656,1.3413896818700017,0.9994915412900508,0.0009152256779086009,Dano moderado,0.5742852502222265
22,42,42,1,5,1007.8978522647377,7.502771480151939,0.9999999999999999,7.985842518150288,6.801346120698848,0.9972790661814442,0.004897680873400317,Baixo dano,0.4362379328200734
22,43,43,1,1,214.65244350778494,7.024474791245918,0.06368739988387005,0.4761747907764052,0.47134928275834026,0.8689488244823812,0.1659981556556504,Baixo dano,0.39949039821142385
22,43,43,1,2,355.9992440143872,9.475244892069295,0.17817286110439282,1.7969294234319177,1.585559965094245,0.9996584329216419,0.0005367482659911995,Dano moderado,0.5877830650576839
22,43,43,1,3,439.2494600210055,10.277521747565167,0.35662859890604975,3.9012483186705493,2.9211897493582146,0.9999501351821163,8.975667219062475e-05,Dano moderado,0.6494219958654318
22,43,43,1,4,974.2666074054297,9.157617734937984,0.1814113601058633,1.7682595528470673,1.3536503160834688,0.9997501235723609,0.00044977756975026997,Dano moderado,0.5633797705752853
22,43,43,1,5,1007.8912385812597,7.314032971418875,0.9999999999999999,7.784951952332034,6.7094960770180645,0.9965837847989986,0.00614918736180254,Baixo dano,0.4217371531941122
22,44,44,1,1,214.47499778062823,6.536306839456342,0.06083221394899525,0.4232189221418803,0.4155410822985482,0.9037632796503084,0.1237329261638891,Baixo dano,0.3619844544754308
22,44,44,1,2,355.9776629706013,9.99203630160226,0.17897966362968498,1.903516796893668,1.4561401180415083,0.9998965952649135,0.0001861285231557921,Dano moderado,0.6274881490521016
22,44,44,1,3,439.20685138268504,9.755723133467708,0.3125193052024598,3.245154210483673,2.8212710044232407,0.9997333335712467,0.0004190472451836546,Dano moderado,0.609332208344324
22,44,44,1,4,974.4999904587766,9.256300612531648,0.17502703983405218,1.7244143214391432,1.3123582930815831,0.9996384035666465,0.0006508735800363962,Dano moderado,0.5709615760608064
22,44,44,1,5,1007.9244261178109,7.556186740648458,0.9999999999999999,8.04269695647613,6.826652884177304,0.9974654988011699,0.004562102157894337,Baixo dano,0.44034182728402105
22,45,45,1,1,214.77884361070628,7.375045501623455,0.06292515655571865,0.493955734375832,0.48656509392377206,0.8616695210072325,0.17521860672417217,Baixo dano,0.42642474588973
22,45,45,1,2,355.95790428764843,9.94973669885781,0.18330137244748368,1.941227019470161,1.4881320464943781,0.9998938277622776,0.000191110027900269,Dano moderado,0.6242382705732455
22,45,45,1,3,439.1365175870344,10.096712463277216,0.3390308091977555,3.643494996172383,2.7622270058205,0.9999581972722048,7.524491003141016e-05,Dano moderado,0.6355304185535885
22,45,45,1,4,974.2725655091039,9.67378305419395,0.15615716304251848,1.6078934896034502,1.1893610038159697,0.9994144780402018,0.0010539395276368822,Dano moderado,0.6030367520537211
22,45,45,1,5,1007.9084245603837,7.326782918166611,0.9999999999999999,7.798522813061509,6.71597382612496,0.9964755210592161,0.0063440620934109735,Baixo dano,0.4227167316027407
22,46,46,1,1,356.0557872088872,9.938392061162615,0.17624167248106232,1.8643341442014167,1.4329602259060812,0.9999011770152546,0.00017788137254161712,Dano moderado,0.6233666620591236
22,46,46,1,2,439.32291158819066,9.848252600001187,0.3273775753310748,3.4316827364435425,2.9672173312200854,0.9994762177620454,0.0008230863739286497,Dano moderado,0.6164412472580911
22,46,46,1,3,974.3599551614119,8.938121432316509,0.1729277666875779,1.6451670627348716,1.2786688737548106,0.9998013602348158,0.000357551577331572,Dano moderado,0.5465158696448773
22,46,46,1,4,1007.9613798186607,7.345629855648759,0.9999999999999999,7.818583223415205,6.725142211687155,0.9966045046476202,0.006111891634283646,Baixo dano,0.42416474180949415
22,47,47,1,1,214.6263382533398,6.8765093409759634,0.06323669431397659,0.46284568490929706,0.4507293042324718,0.922880271918564,0.09915393610470331,Baixo dano,0.3881222126671833
22,47,47,1,2,356.06977247465085,10.224818632749612,0.17525508959711458,1.9073275204655962,1.4413306361094513,0.9999318285684701,0.00012270857675388602,Dano moderado,0.6453728155541526
22,47,47,1,3,439.30870285922197,9.789101968824399,0.31332591139230304,3.2646617184510665,2.830848762890569,0.9997252235717687,0.0004317915300776506,Dano moderado,0.6118967042647785
22,47,47,1,4,974.5595500469993,9.47477077725405,0.18437077644986605,1.8593443107948506,1.394354491778646,0.9997459593265141,0.00045727321227469214,Dano moderado,0.5877466388164286
22,47,47,1,5,1007.987128328062,7.534233796055141,0.9999999999999999,8.01933055663366,6.8157270940303665,0.9974082112162257,0.004665219810793831,Baixo dano,0.4386551825509165
22,48,48,1,1,215.31179725253008,8.735371991768647,0.06748161537764652,0.627430890808217,0.5988657356275909,0.8748599324688546,0.1585107522061175,Dano moderado,0.5309386301275851
22,48,48,1,2,356.0190857749766,9.364594363343878,0.16183220726802497,1.6130690206455722,1.282260305188068,0.999948354486452,9.296192438632827e-05,Dano moderado,0.5792817849357101
22,48,48,1,3,439.24456393014015,10.250950488013057,0.3447803270195537,3.7618860456761074,2.82159951568238,0.9999853477259291,2.6374093327699913e-05,Dano moderado,0.6473805259940432
22,48,48,1,4,974.4392480577726,8.965120958583404,0.17292833972805746,1.650142113326402,1.2804789183113132,0.9997579739265994,0.00043564693212119266,Dano moderado,0.5485902432479629
22,48,48,1,5,1008.0322931598217,7.362618011873339,0.9999999999999999,7.836665173617491,6.731897432279416,0.9964527924230793,0.006384973638457264,Baixo dano,0.42546994185222864
22,49,49,1,1,215.04736864422304,8.033140064599527,0.06582523428408725,0.5628294004599285,0.5472106675033247,0.8768081178516517,0.1560430507212412,Dano moderado,0.47698615116318166
22,49,49,1,2,356.0644248010332,9.624649994126894,0.17655845791502603,1.808724805935319,1.5871630976821762,0.9998164182373771,0.0002884856269787699,Dano moderado,0.5992618590487693
22,49,49,1,3,439.2899311529187,10.398691742389348,0.36642034892534253,4.055620511692002,3.0126766177785913,0.9999500434793176,8.992173722837014e-05,Dano moderado,0.6587314865677736
22,49,49,1,4,974.3860100665524,9.045551578952592,0.17286385000413845,1.6643254660372186,1.2844554758563345,0.9998179851135612,0.0003276267955898748,Dano moderado,0.5547697278109276
22,49,49,1,5,1008.0512648734539,7.288342559833661,0.9999999999999999,7.757607446146724,6.694311934835495,0.9957539494292499,0.007642891027350216,Baixo dano,0.4197633588720202
22,50,50,1,1,214.5091922457566,6.52052081023121,0.06056123855156581,0.42031612970345805,0.41255783674082086,0.9148770447889546,0.10944379955705841,Baixo dano,0.36077161385006384
22,50,50,1,2,356.1308817488343,9.806131274362526,0.1740533170675208,1.81668248852022,1.4092995201244705,0.9998509509434741,0.00026828830174659965,Dano moderado,0.6132050658092728
22,50,50,1,3,439.312417045073,10.477396071833034,0.36048933348767526,4.020173562808727,2.971048611721474,0.9998747996115189,0.00022536069926584298,Dano moderado,0.664778340198932
22,50,50,1,4,974.4953020522955,9.536838491883806,0.19308845889450188,1.9600166781217672,1.4640366880623392,0.9998332723865333,0.0003001097042400448,Dano moderado,0.5925153013314328
22,50,50,1,5,1008.0293078749454,7.300142872655086,0.9999999999999999,7.770167530124505,6.701021575979233,0.9960195173442846,0.007164868780287601,Baixo dano,0.4206699769060902
22,51,51,1,1,356.0451962901205,10.10036003942375,0.17391512912009824,1.8697056535815182,1.422889486412465,0.9999290304944461,0.0001277451099969728,Dano moderado,0.6358106618289266
22,51,51,1,2,439.2823074976959,9.795890818390822,0.31681070549433693,3.303260371907887,2.864331324821822,0.9997010688703325,0.00046974891804891204,Dano moderado,0.6124182915769668
22,51,51,1,3,974.5442201843066,9.640134182096629,0.19100708367923402,1.9598894513300227,1.453738030732638,0.9998514902149132,0.00026731761315627764,Dano moderado,0.600451509210484
22,51,51,1,4,1008.0029497924264,7.495390873837473,0.9999999999999999,7.977986706484996,6.796989027552461,0.9969033114160792,0.005574039451057301,Baixo dano,0.43567088083693306
22,52,52,1,1,356.1755529933581,9.867276311918761,0.16665869972812855,1.750347593129697,1.3537685455562092,0.9998843633627716,0.0002081459470111294,Dano moderado,0.6179028390447184
22,52,52,1,2,439.32035021917676,9.758763392226456,0.3143599736183479,3.265284710237298,2.834854616594614,0.9998005083553149,0.00031348687021954814,Dano moderado,0.6095657914247585
22,52,52,1,3,974.6198401009487,9.509922679038523,0.18689975353291094,1.8918414530856493,1.4149710325817273,0.9997853229273741,0.00038641873072654343,Dano moderado,0.5904473594305296
22,52,52,1,4,1008.0465593059567,7.5248135124187465,0.9999999988896385,8.009303732743398,6.809543875707535,0.997105302784635,0.005210454987656998,Baixo dano,0.4379314221591323
22,53,53,1,1,215.18370539167609,8.48607821193631,0.06587305569267475,0.5949957486432549,0.5724166952809524,0.8780956654673404,0.15441215707470218,Dano moderado,0.5117853890230666
22,53,53,1,2,356.2131693032487,9.825705283295129,0.17268737676767745,1.8060232985731488,1.401058963822807,0.9996087517042376,0.0007042469323723626,Dano moderado,0.6147089369155647
22,53,53,1,3,439.2973088921247,9.725694154314988,0.3185618068515389,3.2977166484886484,2.8680693665380006,0.9997812665243967,0.000343724033090857,Dano moderado,0.6070250818760206
22,53,53,1,4,974.5122122346248,9.556966668246881,0.1912549835832047,1.945502774729855,1.4512052291623954,0.999880457468663,0.00021517655640645788,Dano moderado,0.5940617491214079
22,53,53,1,5,1008.0362872768605,7.372649816814765,0.9999999999999999,7.8473428831341625,6.7366869514999745,0.9964521806174322,0.006386074888622051,Baixo dano,0.42624068542587834
22,54,54,1,1,214.64538978245423,6.772406584719948,0.05734143965746592,0.4133430488018448,0.4100442990496075,0.869637242924464,0.1651261589623456,Baixo dano,0.3801239979040336
22,54,54,1,2,355.9884099030273,9.873875867390387,0.17443804666033985,1.8332762009855657,1.5894473502522386,0.9997042292412736,0.00046478262085580655,Dano moderado,0.6184098828916034
22,54,54,1,3,439.32996006652405,10.445473499791877,0.3536489332208273,3.9318732269714562,2.910640128514039,0.9999043900155823,0.00017209797195194166,Dano moderado,0.6623257289890099
22,54,54,1,4,974.586889067339,9.554470934453139,0.1911270690909856,1.9436938759364368,1.449715742855019,0.9998676812356637,0.00023817377580522426,Dano moderado,0.5938700018940346
22,54,54,1,5,1008.0427044947452,7.478323517214952,0.9999999993257328,7.959820451146308,6.787613673812195,0.997038339240726,0.005330989366693168,Baixo dano,0.43435959582762473
22,55,55,1,1,214.1256503545076,6.554382985206432,0.05398219985541849,0.37660095405603683,0.37508710675896284,0.8033298141136954,0.24583773235788073,Baixo dano,0.36337324475341015
22,55,55,1,2,355.96855303843967,10.09965981485423,0.17881169096584473,1.9222137461748954,1.4607051491000183,0.9999447166413507,9.95100455688124e-05,Dano moderado,0.6357568635752504
22,55,55,1,3,439.26521835526484,9.849633207833522,0.330829391094228,3.468351993079932,3.000763317534381,0.9996262074266341,0.000587388329575044,Dano moderado,0.6165473193578495
22,55,55,1,4,974.3222065010026,8.973292927676644,0.16731094459414605,1.597994275135251,1.238874204698722,0.9998184226128362,0.00032683929689491484,Dano moderado,0.5492180956333965
22,55,55,1,5,1007.9811425518844,7.26043344219199,0.9999999999999999,7.727901381008458,6.682301925324147,0.9959868759265829,0.007223623332150828,Baixo dano,0.4176191013636106
22,56,56,1,1,214.66235199153448,7.014254884484385,0.06466519956011568,0.4827821318467511,0.46860542497523244,0.9196764442387045,0.10327314312166566,Baixo dano,0.39870520277493526
22,56,56,1,2,356.04665794950114,9.625504947100742,0.16997322091180084,1.74141807716635,1.363620578746024,0.9997736709990782,0.0004073922016591549,Dano moderado,0.59932754508575
22,56,56,1,3,439.24005136550795,10.308050581872676,0.34690133405836726,3.8061117356517142,2.8450070146511477,0.9999803657000998,3.5341739820290586e-05,Dano moderado,0.6517675262052777
22,56,56,1,4,974.4013490112031,8.840617700562076,0.16131817973516976,1.5179761432903747,1.1876501734883265,0.9997125781358637,0.0005173593554453415,Dano moderado,0.5390246579341843
22,56,56,1,5,1007.9965370148976,7.278787311865016,0.9999999999999999,7.747436977047227,6.691234472504332,0.9960005409494989,0.007199026290902013,Baixo dano,0.41902922917058916
22,57,57,1,1,356.02664896038186,9.951430055888578,0.17309964828183827,1.8334991081484546,1.4073845614518237,0.9999507354779826,8.867613963126621e-05,Dano moderado,0.6243683711939194
22,57,57,1,2,439.3520302286313,9.610974318269907,0.3052133018986068,3.1222659777659416,2.605195771823879,0.9988993657263104,0.0018343904561492859,Dano moderado,0.5982111568726769
22,57,57,1,3,974.4543562380001,9.395940075049753,0.18540455541714534,1.8542131708215885,1.3981107370254935,0.9997944046749385,0.00037007158511072086,Dano moderado,0.5816900759660725
22,57,57,1,4,1007.9851614497613,7.41058296968069,0.9999999999999999,7.887718387813409,6.756605185013575,0.9968379022841476,0.005691775888534251,Baixo dano,0.42915508956056736
22,58,58,1,1,215.30052996077285,8.49841134715884,0.06615885010216997,0.5984456565348266,0.5739559398187366,0.8516331755178927,0.18793131101066918,Dano moderado,0.5127329438022136
22,58,58,1,2,355.9669419422905,9.949016613116118,0.19516135796236167,2.066678921888493,1.5846786227972627,0.9999470391284223,9.532956883990263e-05,Dano moderado,0.6241829463857114
22,58,58,1,3,439.19085635677845,10.222776208361259,0.35246742048514934,3.835189753978079,2.883499484743481,0.9999714411763247,5.1405882615533455e-05,Dano moderado,0.6452158960883955
22,58,58,1,4,974.3640229207678,9.590908047923683,0.19992752842692063,2.0409452148092138,1.5187839819465987,0.9995709137556487,0.0007723552398323738,Dano moderado,0.5966694653219765
22,58,58,1,5,1008.0071401873574,7.240924285118071,0.9999999999999999,7.707136113604763,6.671858929159161,0.995658755539094,0.007814240029630748,Baixo dano,0.4161202128256214
22,60,60,1,1,215.04021680672295,7.851984777013566,0.061343824191518424,0.5126834736555888,0.4999033261311349,0.8491225129475963,0.19111148359971133,Baixo dano,0.4630679904179522
22,60,60,1,2,356.1259448950917,9.27812836262141,0.1668096328345576,1.6473296899537413,1.4683072558399317,0.9988770701900477,0.0017646039870679142,Dano moderado,0.572638602100203
22,60,60,1,3,439.2316149887624,10.17777752379385,0.3419978682617551,3.704890486581815,2.791781821891189,0.999973715381471,4.7312313352358245e-05,Dano moderado,0.6417586471530815
22,60,60,1,4,974.4728884391764,9.237930190653403,0.17509578376480156,1.721667920142975,1.3119138411791393,0.9996313105587074,0.000663640994326744,Dano moderado,0.5695501765479009
22,60,60,1,5,1007.9283308505597,7.545645170874298,0.9999999999999999,8.03147666057171,6.821707217811291,0.9974355733428376,0.004615967982892312,Baixo dano,0.43953191847827233
22,61,61,1,1,1298.3613670517532,4.770510526964793,0.9999999999999999,5.077663087607125,4.1906664737349555,0.9404651632739561,0.17860451017813167,Baixo dano,0.22631832378670508
22,62,62,1,1,214.4965420999671,6.411353611057432,0.05908331068948101,0.4031935500132848,0.3964408493834693,0.9057364945302864,0.12119593560391753,Baixo dano,0.3523842979375425
22,62,62,1,2,356.0259852778912,9.574570495171765,0.16967585704213822,1.7291727199413067,1.5198478673111258,0.9998466720805279,0.00024094387345618482,Dano moderado,0.5954142511440467
22,62,62,1,3,439.25474791529024,9.778762209329875,0.316618063932265,3.295479369064367,2.860665314474608,0.9998905327378821,0.00017201998332814944,Dano moderado,0.6111023005428142
22,62,62,1,4,974.4174291880784,8.772867432683482,0.15653761467428992,1.4617035482810181,1.1488232609088622,0.9997141476327717,0.0005145342610109083,Dano moderado,0.5338194048530719
22,62,62,1,5,1008.026381411503,7.388312256828231,0.9999999999999999,7.864013759986589,6.744691771842987,0.9967482190402775,0.005853205727500441,Baixo dano,0.4274440306921129
22,63,63,1,1,214.86366448581654,7.417548544980164,0.06165120244139645,0.4867444087552543,0.47870746974314793,0.8510318435662207,0.1886929981494537,Baixo dano,0.429690254710826
22,63,63,1,2,356.02035380451105,10.000971724030967,0.1898149880436832,2.020559873386111,1.546175946001948,0.999919634765389,0.00014465742229972004,Dano moderado,0.6281746575572992
22,63,63,1,3,439.24420538087884,10.16947130082542,0.3497495533517818,3.7857729718138287,2.853695246961816,0.9999879716064246,2.16511084356896e-05,Dano moderado,0.641120480042417
22,63,63,1,4,974.35962184795,9.61346117196056,0.19384919705571643,1.983548416861793,1.473832912609358,0.9998584562351179,0.0002547787767878059,Dano moderado,0.5984022218417299
22,63,63,1,5,1007.9722113806816,7.340349881118224,0.9999999999999999,7.812963294138107,6.722388018367892,0.996472407378296,0.006349666719067136,Baixo dano,0.42375908136631313
22,64,64,1,1,214.5065110689567,6.386765142956586,0.0569149777689734,0.386906957687381,0.3851316115294164,0.8660424329685921,0.16967958490644997,Baixo dano,0.35049516593335445
22,64,64,1,2,356.12576196411766,9.657906608115162,0.17289565724794237,1.7773219688400412,1.3909894767383773,0.999669882525914,0.0005942114533546742,Dano moderado,0.6018169647014879
22,64,64,1,3,439.3045047516183,9.830792544077005,0.3242362157330417,3.3927282585748415,2.93651385203654,0.9997080940062937,0.0004587094186813332,Dano moderado,0.6150997911614362
22,64,64,1,4,974.3697874115026,8.942006246720828,0.16465461404567913,1.5671403649212456,1.2177557686644533,0.9998091914841835,0.0003434553284698032,Dano moderado,0.5468143399355612
22,64,64,1,5,1007.9925161545586,7.341331559899152,0.9999999999999999,7.814008178974148,6.722503492297648,0.9964862936322331,0.0063246714619804925,Baixo dano,0.4238345037470519
22,65,65,1,1,214.84321947019032,7.4364839675135475,0.06205856097779066,0.4912113233655642,0.48312324656479205,0.8465686571539086,0.19178917855761424,Baixo dano,0.43114506322406587
22,65,65,1,2,356.03378724081966,9.461023849578398,0.1779512895935833,1.792001214303565,1.582977549252808,0.9996334228861654,0.0005760497503115573,Dano moderado,0.5866904623631083
22,65,65,1,3,439.34650030127693,10.54779222485779,0.36632898658936525,4.11274585679828,3.0248285722140316,0.9999076868888117,0.00016616360013889066,Dano moderado,0.670186876635824
22,65,65,1,4,974.4781365814862,9.538434939462809,0.18815366729378566,1.9102439462807497,1.42673390610195,0.9999196906199117,0.00014455688415896173,Dano moderado,0.5926379563989276
22,65,65,1,5,1008.0193242447301,7.375520010907536,0.9999999999999999,7.850397876623172,6.738649585165344,0.9965336633937825,0.006239405891191503,Baixo dano,0.426461202438026
22,66,66,1,1,215.23316034060406,8.362870684704985,0.06535029219443057,0.5817038494676832,0.5602096463674371,0.859760461649202,0.17763674857767758,Dano moderado,0.502319354705884
22,66,66,1,2,356.1215767255212,9.370016636371727,0.17627526267391078,1.758048108282931,1.5608280663981304,0.9992494402636131,0.0011794510143222996,Dano moderado,0.5796983781724397
22,66,66,1,3,439.2625263507742,10.287613646980486,0.3547859848748872,3.884902503830599,2.9066314668739555,0.9999832179215097,3.0207741282518547e-05,Dano moderado,0.6501973564975106
22,66,66,1,4,974.3749364171734,8.488148292812067,0.1661395951888262,1.5010153342661305,1.3380896084124334,0.9993785458288093,0.0009765708404426505,Dano moderado,0.5119444333367511
22,66,66,1,5,1008.0094479208743,7.264244597367423,0.9999999999999999,7.731957919998584,6.683594065477111,0.9960130267162256,0.007176551910793863,Baixo dano,0.4179119124157391
22,67,67,1,1,214.9733558436609,7.717893679343173,0.06236130158785027,0.5122865872743012,0.5010566066750116,0.8459874715727969,0.19508253600779066,Baixo dano,0.4527657713839359
22,67,67,1,2,355.9689292106072,9.466253785469206,0.17479950787823398,1.7612352614564981,1.5539355601815243,0.9997231109035208,0.0004351114373244214,Dano moderado,0.587092278337599
22,67,67,1,3,439.31921096534796,10.031672327131414,0.3355686814444654,3.5830575369122566,3.072470637015761,0.9993630447697757,0.001000929647495394,Dano moderado,0.6305333848935065
22,67,67,1,4,974.3592296233336,9.539045665678385,0.19224045592727024,1.9518603340433336,1.4574899372592358,0.9997353073955102,0.000476446688081661,Dano moderado,0.5926848784940703
22,67,67,1,5,1007.9628156936457,7.299665685254847,0.9999999999999999,7.769659618689372,6.702283125214449,0.9962010987944542,0.006838022169982491,Baixo dano,0.4206333145981298
22,68,68,1,5,1298.3613619174282,4.770507594244941,0.9999999999999999,5.077659966062113,4.190664796285092,0.9404646513529209,0.1786060459412373,Baixo dano,0.22631809846583878
22,69,69,1,1,214.4405459521854,6.228613851098942,0.05815759294686586,0.38556433397951007,0.3803010745323452,0.8822413220790121,0.15140401446984159,Baixo dano,0.33834440217993167
22,69,69,1,2,355.98129989243654,10.326413397437003,0.1958676036598167,2.1528369553825364,1.613155263928768,0.9999894715640489,1.895118471192029e-05,Dano moderado,0.6531783413250849
22,69,69,1,3,439.23719209919545,10.417843245371984,0.3558404348872862,3.9457733704028812,2.9298113159476427,0.9999210868498853,0.00014204367020637633,Dano moderado,0.6602028965419294
22,69,69,1,4,974.3893293855948,9.048628763830694,0.171430901524059,1.6510905913551037,1.2739923809304523,0.9997737376614544,0.0004072722093821725,Dano moderado,0.5550061479251122
22,69,69,1,5,1007.9390756119534,7.361782495806942,0.9999999999999999,7.835775862281635,6.733284982087063,0.9965212992705985,0.006261661312922771,Baixo dano,0.42540574915284735
22,70,70,1,1,355.9939887977279,9.355293334152453,0.16925600281547595,1.6853903861969324,1.4946597831870958,0.9996781851357284,0.0005057090724268584,Dano moderado,0.578567186862933
22,70,70,1,2,439.25193444905824,10.373461951668606,0.34893583552299395,3.8527276932417913,2.8679169061629595,0.9999515509854532,8.720822618433866e-05,Dano moderado,0.6567930817466989
22,70,70,1,3,974.4508230231324,9.378572358527226,0.18487510842231109,1.8455006304428998,1.3931524140845781,0.9998651113531081,0.00024279956440547925,Dano moderado,0.5803557143056467
22,70,70,1,4,1007.9613767919012,7.36747436700071,0.9999999999999999,7.841834208468411,6.735905043919143,0.9963057322466731,0.00664968195598854,Baixo dano,0.4258430556166646
22,71,71,1,1,214.87121050691792,7.641319529115636,0.06319707244681562,0.5140014493880991,0.5040513412730654,0.8605131560711734,0.17668333564318026,Baixo dano,0.4468825794219543
22,71,71,1,2,355.9352170868722,10.102311903353002,0.19068623270446947,2.0504025551852805,1.558676493534882,0.9999593663634172,7.314054584906646e-05,Dano moderado,0.635960623534611
22,71,71,1,3,439.24013871030564,10.310883739460659,0.3548461053438172,3.8943497759478802,2.910456619822886,0.9999844443155498,2.8000232010386285e-05,Dano moderado,0.6519851977027623
22,71,71,1,4,974.4047752204806,9.093903157779192,0.18072913778714766,1.749353283221706,1.345798360849969,0.9997407510380965,0.0004666481314264481,Dano moderado,0.5584845796121752
22,71,71,1,5,1008.0226330132019,7.257660252583787,0.9999999999999999,7.724949637703645,6.679889927495819,0.9956743265269058,0.007786212251569615,Baixo dano,0.4174060372060123
22,72,72,1,1,355.9203856247655,9.975217563727954,0.17416878096433439,1.849233325964419,1.4169357391348394,0.9999408750210683,0.00010642496207700347,Dano moderado,0.6261959654212187
22,72,72,1,2,439.30371485684054,10.514313736731685,0.3560876375104808,3.9850782251420287,2.9388897700075556,0.9999417083851402,0.00010492490674774545,Dano moderado,0.6676147243930953
22,72,72,1,3,974.4985329959145,9.408260234633007,0.18468118803244776,1.849400641562433,1.3932936855394622,0.9998759370070621,0.00022331338728826187,Dano moderado,0.5826366338268538
22,72,72,1,4,1008.0442575643966,7.366046184753722,0.9999999999049,7.840314070991747,6.733151881155798,0.9963284237350751,0.006608837276864676,Baixo dano,0.4257333283746285
22,73,73,1,1,214.6497234036444,9.1304626421964,0.07489950023069267,0.7278983358022535,0.6320745800073743,0.9418087418105919,0.09698543031568006,Dano moderado,0.5612934447999495
22,73,73,1,2,356.0402433578871,9.991078922767459,0.16232657732344938,1.726239476011763,1.3222429243598985,0.9999107332119823,0.00016068021843181857,Dano moderado,0.6274145936362239
22,73,73,1,3,439.317644493552,10.340306639270926,0.33889106983922007,3.7298602962501652,2.7793844991391405,0.9999512697706795,8.771441277694088e-05,Dano moderado,0.6542457590951852
22,73,73,1,4,974.6997936872766,9.714009920077006,0.18661880063182792,1.929536326822303,1.4228299230548669,0.9996544508495023,0.0006219884708957807,Dano moderado,0.6061273821595163
22,73,73,1,5,1008.1014308541953,7.59253137514494,0.9999999999999999,8.081381664951717,6.838630771161995,0.9973019219886412,0.004856540420445858,Baixo dano,0.4431341855523857
22,74,74,1,1,214.72364475999055,7.192786764812742,0.06057447546227871,0.4637520798286541,0.45799361485463186,0.8744711562357879,0.1590032021013354,Baixo dano,0.412421807140563
22,74,74,1,2,356.14114773357664,9.935868973612811,0.1678402378511101,1.7750106565502308,1.3664810613964855,0.9997748806427198,0.00040521484310435303,Dano moderado,0.6231728132426723
22,74,74,1,3,439.27527079913114,9.783929667535403,0.3134340116647331,3.26406250065675,2.8320949918510014,0.9997185311137701,0.00044230824978981707,Dano moderado,0.611499316356745
22,74,74,1,4,974.5304102680866,9.38763145416883,0.1862647110768286,1.8611682587201697,1.4039900785969417,0.9999041192298314,0.00017258538630350028,Dano moderado,0.5810517246237912
22,74,74,1,5,1008.078543953181,7.302147897213255,0.9999999999999999,7.772301649550763,6.700007315209799,0.9958328136165702,0.0075009354901737005,Baixo dano,0.42082402294289434
22,75,75,1,1,215.14099174371339,8.067497968350864,0.060201073075093994,0.51694235857385,0.5013880378212378,0.8488350017473413,0.19147566445336778,Dano moderado,0.47962586890839687
22,75,75,1,2,356.1003816853282,10.014895109658633,0.18338577477103857,1.9548393484485285,1.4967957159372114,0.9999098017102401,0.00016235692156770193,Dano moderado,0.6292443912750728
22,75,75,1,3,439.2054758665789,10.136393009730185,0.3299088823554465,3.5593973432596266,2.689839471191372,0.9999871486545282,2.313242184915553e-05,Dano moderado,0.63857907493757
22,75,75,1,4,974.656319729428,9.73793261282531,0.19169472893903897,1.9868997666578692,1.463333008785934,0.9996245490404918,0.0006758117271148201,Dano moderado,0.6079653626433685
22,75,75,1,5,1008.0677009733596,7.571053622309849,0.9999999999999999,8.058521052411601,6.830354558382377,0.9970879789114171,0.005241637959449237,Baixo dano,0.4414840498020657
22,76,76,1,1,214.96895676721059,7.651262363880723,0.06326120503494101,0.515192553702171,0.5043980619593418,0.8483068495184172,0.19214465727667165,Baixo dano,0.4476464874169559
22,76,76,1,2,356.0211800350163,10.055555014884337,0.19863687989278125,2.1260082917694088,1.6215691564647718,0.9999496457322452,9.063768195860998e-05,Dano moderado,0.6323682917935636
22,76,76,1,3,439.299763746222,10.593563567605898,0.3737354150258263,4.214105006017899,3.0930187723955367,0.9999240630493372,0.000136686511192959,Dano moderado,0.6737034888991611
22,76,76,1,5,1008.0885190021539,7.295041040296899,0.9999999999999999,7.764737212824522,6.695952553305178,0.9957963102732179,0.007566641508207716,Baixo dano,0.4202780031260107
22,77,77,1,2,356.0675135066509,9.473883502577813,0.1701395018194169,1.7156639252362254,1.5154122387838151,0.99956718321208,0.0006801406667314073,Dano moderado,0.5876784695030534
22,77,77,1,3,439.24833102614673,9.538232455188165,0.3161892478018706,3.210066449126096,2.687318008524712,0.9996375038472686,0.000604160254552369,Dano moderado,0.5926223995321067
22,77,77,1,4,974.4908613748789,9.461333408880863,0.18646848589005174,1.8778323391879779,1.4097327155962076,0.9998118912257118,0.00033859579371885347,Dano moderado,0.5867142458043166
22,77,77,1,5,1008.0158077328281,7.513328455659199,0.9999999999999999,7.997079211696396,6.805155489031117,0.9970738897725071,0.005266998409487191,Baixo dano,0.43704902524829625
22,78,78,1,2,356.0558556588716,9.478054907930527,0.17154077474153875,1.730555811825805,1.528051548786789,0.9996373318350411,0.0005699071163639751,Dano moderado,0.5879989585763024
22,78,78,1,3,439.22531235158726,9.851874322538837,0.33219984425413307,3.4835119945734845,3.014832043284268,0.9997122416839199,0.0004521916395543525,Dano moderado,0.6167195042006588
22,78,78,1,4,974.2545949638034,9.045448253007795,0.15569428906177152,1.4990005732242433,1.1560145900970629,0.9996580630787077,0.0006154864583260108,Dano moderado,0.5547617892785889
22,78,78,1,5,1007.9263941256643,7.295543021941122,0.9999999999999999,7.765271514897879,6.700447335831528,0.9962066204190096,0.006828083245782613,Baixo dano,0.42031657037573644
22,79,79,1,1,214.85213535407834,7.5113800302416704,0.06306061403760689,0.5041699456959268,0.4953575342268695,0.8581766023482581,0.17964297035887308,Baixo dano,0.4368993277234675
22,79,79,1,2,355.88552068688165,9.698421578234086,0.17386859778118818,1.7948213739740626,1.399225263653811,0.9998343667907986,0.0002981397765624802,Dano moderado,0.6049297298557248
22,79,79,1,3,439.1947243948545,9.769287469918213,0.3332100038927988,3.464814144566653,3.0107410434878346,0.9996663691353473,0.0005242770730255692,Dano moderado,0.6103743563138163
22,79,79,1,4,974.2233220102481,9.126896222845442,0.14931047122668323,1.4504821921188362,1.1122404227120803,0.9996164201794856,0.0006904436769259144,Dano moderado,0.5610194368012152
22,79,79,1,5,1007.8715551319219,7.3143235147965715,0.9999999999999999,7.785261202542455,6.709367416475599,0.9964570140791901,0.006377374657457889,Baixo dano,0.4217594756418206
22,80,80,1,2,355.93657448387825,9.718738804823362,0.17163023648977954,1.7754266479205407,1.5499135820591656,0.9998512960323463,0.0002336776634556869,Dano moderado,0.6064907023745788
22,80,80,1,3,439.1919830711293,10.305118284216029,0.3545849608532446,3.8893078084424766,2.9094672334501746,0.9999675618021033,5.838875621406614e-05,Dano moderado,0.6515422377763175
22,80,80,1,4,974.3186953386735,9.279664736949439,0.17823419876693714,1.760444535791413,1.3372183257720853,0.9998731386486354,0.00022835043245628245,Dano moderado,0.5727566417398253
22,80,80,1,5,1007.8657972099891,7.377928123058002,0.9999999999999999,7.852961036710153,6.7406850102632685,0.9965740988480738,0.006166622073467178,Baixo dano,0.42664621769454625
22,81,81,1,2,355.9156903455113,9.469009839714499,0.16644104358312586,1.6775057624953016,1.4808489973233405,0.9996001671922276,0.0006283086979281138,Dano moderado,0.5873040259852649
22,81,81,1,3,439.19083657974403,10.256625601891676,0.3468032628487214,3.7860530960559644,2.840671810331708,0.9999740506384901,4.670885071789376e-05,Dano moderado,0.6478165449933374
22,81,81,1,4,974.3336607247107,9.352300829770094,0.18533242367855923,1.8448832847511702,1.39469984294822,0.9998233277105039,0.0003180101210931282,Dano moderado,0.5783372727512363
22,81,81,1,5,1007.9098376605887,7.303373775651275,0.9999999999999999,7.773606457004691,6.704325229496712,0.9961392808785592,0.0069492944185935174,Baixo dano,0.42091820718328743
22,82,82,1,1,214.85444314818753,7.8915362772469,0.06791325701637717,0.5704467879737611,0.5576757715647273,0.8841187942292038,0.1467828606430085,Baixo dano,0.4661067321808793
22,82,82,1,2,356.00563501094786,9.441633746233988,0.16546420753530847,1.6628391305311518,1.4694996341322324,0.9996879157271712,0.0004904181430167777,Dano moderado,0.5852007207231572
22,82,82,1,3,439.14840091416465,10.14688480258926,0.3496634125137416,3.776434393712561,2.853884338209065,0.9999858552539787,2.5460542838527005e-05,Dano moderado,0.6393851593829328
22,82,82,1,4,974.2101121000153,10.12075184528555,0.14877224561368646,1.6026316582217617,1.1502824007097252,0.9991770145400127,0.00148137382797707,Dano moderado,0.6373773642732888
22,82,82,1,5,1007.9510122892945,7.289004977673772,0.9999999999999999,7.758312514209417,6.697066484724923,0.996135452866824,0.006956184839716837,Baixo dano,0.41981425243467596
22,83,83,1,1,214.56866331341823,6.622035068197044,0.062165474409756775,0.43816708594541165,0.42898568823614547,0.913881062954347,0.11072434763012531,Baixo dano,0.36857095428957887
22,83,83,1,2,356.051476571692,9.865802063403478,0.17420051433390363,1.829282811638622,1.4120516810658361,0.9999075452184114,0.0001664186068595388,Dano moderado,0.6177895725312892
22,83,83,1,3,439.2237087852007,10.0956194830805,0.33670216917691154,3.618077873253852,2.740371309034648,0.9999775025168944,4.04954695900397e-05,Dano moderado,0.6354464448850747
22,83,83,1,4,974.4869752038221,9.160761252113424,0.17084098399645736,1.6657992092533525,1.2758742379107404,0.9998286328817247,0.0003084608128955301,Dano moderado,0.5636212869998743
22,83,83,1,5,1007.9911378250505,7.433625104747129,0.9999999999999999,7.912244106397445,6.767650509274953,0.996641106374111,0.006046008526600343,Baixo dano,0.4309254167977219
22,84,84,1,1,214.9422552835698,7.695811266025644,0.06214527993602319,0.509051333890956,0.4982930068643848,0.864089013397395,0.17215391636329974,Baixo dano,0.45106917956875026
22,84,84,1,2,356.0020532545699,10.094651451995531,0.18036241469273706,1.937922441445031,1.4740925641174856,0.9999479329715398,9.37206512283338e-05,Dano moderado,0.6353720710568167
22,84,84,1,3,439.3304240106068,9.673700299830065,0.31238877532981246,3.2165260399887883,2.6747413701895084,0.9993589800855676,0.0010683665240540125,Dano moderado,0.6030303940359438
22,84,84,1,4,974.4663944410827,9.448994493536,0.18210832408043956,1.8315316006801077,1.3761314633393102,0.9997355707010566,0.00047597273809810826,Dano moderado,0.5857662469383709
22,84,84,1,5,1007.9606654041452,7.46629718726891,0.9999999999999999,7.9470198031448644,6.783865050598806,0.9968550591700871,0.0056608934938433084,Baixo dano,0.43343561289787036
22,85,85,1,1,214.90060094008038,7.680905557668102,0.06362163900474718,0.5201352664321539,0.5095756598547213,0.8682994449242292,0.16682070309597632,Baixo dano,0.4499239739956402
22,85,85,1,2,355.9667161079993,10.131124228899967,0.18561633463197336,2.001579553008781,1.5180903069655336,0.9999548278391461,8.130988953699878e-05,Dano moderado,0.6381742745063844
22,85,85,1,3,439.2897040767912,10.42195965977964,0.36058291058050573,3.99994067826773,2.9671143156296935,0.9999523169565381,8.582947823152537e-05,Dano moderado,0.6605191606608697
22,85,85,1,4,974.33288143513,8.844249378061575,0.1551414313997712,1.4604537108562519,1.14207112744486,0.9997078157601723,0.0005259316316898085,Dano moderado,0.5393036797164708
22,85,85,1,5,1007.9937400541105,7.314743186601649,0.9999999999999999,7.785707895201763,6.709282218934076,0.9960812764198584,0.007053702444254831,Baixo dano,0.4217917190266046
22,86,86,1,1,214.922787704849,7.687480389887776,0.06184863481954737,0.5060729931450435,0.4955852003882889,0.8648245619763455,0.17122222149662913,Baixo dano,0.4504291183550778
22,86,86,1,2,356.038281386611,9.77839466355706,0.16932880837596467,1.7623714006308973,1.3672168360705965,0.9998332599433479,0.0003001321019736376,Dano moderado,0.6110740620010889
22,86,86,1,3,439.3129764488746,9.847644498891594,0.3248837231817795,3.405331050390346,2.944873915631587,0.9995896120341168,0.0006448953749593559,Dano moderado,0.6163945268498411
22,86,86,1,4,974.3361178590684,9.497016911740545,0.18602309358170555,1.8804123573498934,1.4079347042578778,0.9998922692549319,0.00019391534112258655,Dano moderado,0.589455809329026
22,86,86,1,5,1007.9618852561666,7.328728886527146,0.9999999999999999,7.800594073916733,6.7167682182263775,0.996157360111739,0.006916751798869802,Baixo dano,0.4228662403518806
22,87,87,1,2,355.92807511270706,10.45104827001266,0.19289398800915844,2.145742327892454,1.5952201265654828,0.9998649858276747,0.00024302551018551047,Dano moderado,0.6627540385850725
22,87,87,1,3,439.37543930818504,9.884340526463422,0.3294797008771005,3.4663737294514623,2.9902544862940252,0.9996975269044165,0.00047531486448838106,Dano moderado,0.6192138826481847
22,87,87,1,4,974.4479105308212,9.589527897766747,0.19384898453498894,1.9786080878055505,1.472780672014501,0.9998893776948375,0.00019912014929241508,Dano moderado,0.5965634283854191
22,87,87,1,5,1008.0907589381155,7.317288643171213,0.9999999999999999,7.788417242721557,6.706935119332824,0.9958877957824698,0.007401967591554414,Baixo dano,0.4219872864548443
22,88,88,1,1,214.6564476295119,6.730361290809952,0.06222423948864031,0.4457557952585602,0.43491577156287375,0.9114435747055326,0.11385826109288665,Baixo dano,0.3768936579729286
22,88,88,1,2,355.9437462064635,10.202999359826084,0.18726628361447165,2.033698058000736,1.5350691775130634,0.9999124124416889,0.00015765760495992396,Dano moderado,0.643696440815438
22,88,88,1,3,439.35207443849794,10.416270883261337,0.3533499070568443,3.917565529331485,2.904150996003816,0.9999528946784052,8.478957887070044e-05,Dano moderado,0.6600820919609685
22,88,88,1,4,974.458433791654,9.587792473959103,0.19174638185541007,1.9567927281280677,1.4567138812086622,0.9998508867490389,0.0002684038517300038,Dano moderado,0.5964300957742779
22,88,88,1,5,1008.087845838781,7.258792197440163,0.9999999999999999,7.726154463598472,6.6777678997439605,0.9955665271814985,0.007980251073302583,Baixo dano,0.4174930045293277
22,89,89,1,2,356.0069988749825,9.950594228235845,0.1825209360747281,1.9331285139905472,1.483361595473546,0.9999342644187997,0.00011832404616055902,Dano moderado,0.6243041545553599
22,89,89,1,3,439.4104048954728,10.524614413522201,0.3620897573377163,4.056219571849767,2.9841231108442927,0.9999040902308367,0.000172637584493901,Dano moderado,0.6684061253909107
22,89,89,1,4,974.4449232923188,9.605602168087636,0.19051351659318994,1.9478226509988004,1.4483121508520467,0.9998480625104189,0.0002734874812459724,Dano moderado,0.597798414574173
22,89,89,1,5,1008.1106606710428,7.251852657067591,0.9999999999999999,7.718768116205337,6.6730002405301025,0.995377042381848,0.008321323712673542,Baixo dano,0.41695983964250294
22,90,90,1,1,214.59685633324162,6.563968907639333,0.06091638438064174,0.4255980763371961,0.4168480049621037,0.9060291993099253,0.1208196008872389,Baixo dano,0.36410973117392986
22,90,90,1,2,356.05275632140405,9.359124644142895,0.16733174113857693,1.666911658087225,1.4792903545589504,0.9995878075702754,0.0006477309609957048,Dano moderado,0.5788615464094986
22,90,90,1,3,439.3692068448247,10.32360131835475,0.348181235596562,3.825917573642669,2.8514094930783176,0.9999662442791042,6.076029761243382e-05,Dano moderado,0.6529622892891954
22,90,90,1,4,974.4752752318008,9.503112370578602,0.1902226030862046,1.9240972009856605,1.4404699737707136,0.9998477155203361,0.00027411206339498237,Dano moderado,0.589924123431554
22,90,90,1,5,1008.1449747037587,7.233786797912597,0.9999999999999999,7.699539074437434,6.661636878950608,0.9950783881620943,0.008858901308230341,Baixo dano,0.41557183968362477
22,91,91,1,1,355.99215197758684,9.69530755662545,0.16931800965143803,1.7472850771338493,1.5269483492601919,0.999765156308356,0.0003690400868691144,Dano moderado,0.6046904795755332
22,91,91,1,2,439.4131015967065,10.308714032396297,0.3488796167758264,3.8280633094387166,2.853300072100054,0.9999829630212247,3.066656179550047e-05,Dano moderado,0.6518184991090075
22,91,91,1,3,974.509693884648,9.512514118946894,0.1894212665227317,1.9178872552703503,1.434856432544426,0.999831189554847,0.00030385880127551735,Dano moderado,0.5906464597586899
22,91,91,1,4,1008.179372930626,7.333176444514127,0.9999999999999952,7.80532799094567,6.708907664660156,0.9958331058515958,0.00750040946712763,Baixo dano,0.4232079462320203
22,92,92,1,1,215.0411310517724,7.705939096461315,0.06191098394830074,0.5077995378290694,0.4961928674633672,0.8660069657963977,0.16972450999122962,Baixo dano,0.4518473007811228
22,92,92,1,2,355.94880092427263,9.999458797618072,0.1800031040364367,1.9158235711274532,1.4649720775433408,0.9999203652196297,0.0001433426046665945,Dano moderado,0.6280584194209964
22,92,92,1,3,439.4081861665092,10.448439069423747,0.3538019587887285,3.9346913465006366,2.9082546965185134,0.9999354269576332,0.0001162314762602859,Dano moderado,0.6625535737038265
22,92,92,1,4,974.559099314073,9.548031588310895,0.18686213021309792,1.8990402309557728,1.417192486650379,0.9998470188445612,0.00027536607978980327,Dano moderado,0.593375266929926
22,92,92,1,5,1008.147440204668,7.336475959715534,0.9999999999999999,7.808839947674547,6.712960870786784,0.9959207267461511,0.00734269185692815,Baixo dano,0.42346144798494445
22,93,93,1,1,215.1887124469623,8.271369834421865,0.06679683983534,0.5880745417876959,0.5678401823578444,0.8723089621846511,0.16174198123277528,Dano moderado,0.4952893443786318
22,93,93,1,2,355.9635686063227,9.617538250339027,0.17625040825213284,1.804234888737818,1.5813702544650745,0.9997748367865138,0.0003538279069068081,Dano moderado,0.5987154637735475
22,93,93,1,3,439.3973521147323,10.42018667898085,0.35875456586190163,3.9789818600085556,2.94663243555356,0.99998196405714,3.246469714795264e-05,Dano moderado,0.6603829425460986
22,93,93,1,4,974.4629550338485,9.022631281776029,0.16827877857475437,1.616075266915188,1.2492578260711666,0.9996277822858557,0.0006699918854598431,Dano moderado,0.5530087613788522
22,93,93,1,5,1008.1445278753902,7.267666957121719,0.9999999999999999,7.7356006307102945,6.678806183475221,0.9954826212729571,0.008131281708677213,Baixo dano,0.41817485231566165
22,94,94,1,1,355.89699612036236,9.840552343709271,0.18094468028523492,1.89524045468558,1.4646457128914614,0.9998120948177175,0.00033822932810857856,Dano moderado,0.6158496365671833
22,94,94,1,2,439.30550923883493,9.66907568834225,0.3225958895115765,3.3200361453550125,2.89452654557895,0.9998275054911613,0.00027106279960373563,Dano moderado,0.6026750851353351
22,94,94,1,3,974.4359753730281,9.540339260249556,0.19501208632289313,1.980269826118378,1.4788441031689614,0.9998147938414481,0.00033337108539336025,Dano moderado,0.5927842653649734
22,94,94,1,4,1008.1311446164163,7.181405220111285,0.9999999999999999,7.643784873169259,6.635781835498695,0.9948922345779591,0.00919397775967373,Baixo dano,0.4115473630611499
22,95,95,1,2,355.919940014848,9.577974219342005,0.1777592364995273,1.8121947282706976,1.5921485983128916,0.9998127333956233,0.00029427609259205414,Dano moderado,0.5956757592720462
22,95,95,1,3,439.3040627867846,10.270351299732127,0.354758294271311,3.8780810357910895,2.902800703760049,0.9999713835532141,5.150960421458353e-05,Dano moderado,0.6488710903584193
22,95,95,1,4,974.5734730944258,9.616042147087871,0.19382015369324193,1.983783686286409,1.4736570934338287,0.9998668507556242,0.00023966863987649989,Dano moderado,0.5986005181607611
22,95,95,1,5,1008.1594996321819,7.345934620185026,0.9999999999999999,7.8189076104231505,6.716761584940806,0.9960011192297643,0.007197985386424338,Baixo dano,0.4241881568688155
22,96,96,1,1,214.78238732462466,6.977849831769573,0.0635940429183725,0.4723208063509012,0.45746862847276476,0.9183145631084038,0.10502413314633803,Baixo dano,0.39590820257485626
22,96,96,1,2,356.02008053392655,9.986946849686923,0.17035153607406817,1.810830560591426,1.3868466191200397,0.9999083460919105,0.00016497703456114774,Dano moderado,0.6270971264614462
22,96,96,1,3,439.37904494460776,9.739858619259435,0.3145621965191691,3.2610556063435614,2.831398181003814,0.9998250633253645,0.0002749004887129875,Dano moderado,0.6081133377177024
22,96,96,1,4,974.662296483124,9.63341747750705,0.19304410261922714,1.9794108335942837,1.4679123852021447,0.9998843892344121,0.00020809937805817345,Dano moderado,0.5999354647968667
22,96,96,1,5,1008.2189366567105,7.378295357592554,0.9999999999999999,7.8533519158896565,6.727681597312969,0.9959629749234207,0.007266645137842876,Baixo dano,0.42667443232383595
22,98,98,1,1,214.9211869744062,7.505765981736843,0.06346860971207281,0.5070526157984679,0.49774135273706865,0.8758516837118555,0.15725453396498296,Baixo dano,0.43646800037684164
22,98,98,1,2,355.97455333176384,9.564210359942313,0.16621441568889347,1.6920641712581637,1.4867485955431283,0.9998083888475345,0.0003011032395886407,Dano moderado,0.5946182819543679
22,98,98,1,3,439.33197176571537,10.346652451400027,0.35416913982233866,3.9004040667813253,2.9046768591698333,0.9999562444606535,7.875997082371021e-05,Dano moderado,0.6547333078410641
22,98,98,1,4,974.5182716169339,9.464399317761048,0.18979059120646236,1.9119069720865867,1.4349493003212899,0.999848140489559,0.0002733471187939734,Dano moderado,0.5869497995835813
22,98,98,1,5,1008.1825802745522,7.210987577565361,0.9999999999999999,7.675271910801798,6.647178766110624,0.9950984187246658,0.008822846295601662,Baixo dano,0.4138201755843467
22,99,99,1,1,214.89856267713645,7.544075277166691,0.06435228042175026,0.5167363073786577,0.5071647381671065,0.8794762095313222,0.1526634679269919,Baixo dano,0.4394113035447168
22,99,99,1,2,355.9075100399526,10.042241444246399,0.17474202445432543,1.867785692991404,1.4257689788813321,0.9998696874646527,0.00023456256362525918,Dano moderado,0.6313454101614507
22,99,99,1,3,439.33118574010956,10.24257843125649,0.3507063416164983,3.82341940458915,2.865493491381303,0.9999845203440563,2.7863380698811445e-05,Dano moderado,0.6467373008734361
22,99,99,1,4,974.4836763429857,9.519185077487798,0.1937897272592092,1.9634938481415136,1.4683805844532922,0.9998096964324542,0.00034254642158246604,Dano moderado,0.5911589895033875
22,99,99,1,5,1008.1862528460226,7.179351424890151,0.9999999999999999,7.641598842947775,6.630652236252566,0.9947678157726378,0.009417931609251893,Baixo dano,0.4113895699743103
22,100,100,1,1,356.012205489978,9.934857659278574,0.16674612646240303,1.7632602855351405,1.3544340129681447,0.9999192764183077,0.00014530244704613076,Dano moderado,0.6230951139623728
22,100,100,1,2,439.4096634422728,10.363697604853998,0.35863149035460745,3.95605368263975,2.9390547541556047,0.9999746854519787,4.5566186438335457e-05,Dano moderado,0.6560428869809326
22,100,100,1,3,974.4062278090144,9.430349377527584,0.18842674813255872,1.8913389163004064,1.4227608621806556,0.9997860150536705,0.0003851729033930567,Dano moderado,0.5843337426754442
22,100,100,1,4,1008.1481080056925,7.228173691872908,0.9999999999999999,7.693564564752685,6.658563446090121,0.9953177252901664,0.008428094477700598,Baixo dano,0.41514058474659554
22,101,101,1,1,214.86128149669744,7.164858118714197,0.06262112741765531,0.47755951202949776,0.4710465674282724,0.8768382387674216,0.156004897561266,Baixo dano,0.41027604926081174
22,101,101,1,2,355.95983464802543,10.327378168408037,0.18011872724542943,1.9799215038893412,1.4838843988120816,0.999947509390592,9.448309693440378e-05,Dano moderado,0.6532524646787895
22,101,101,1,3,439.51319505885164,9.414974601574182,0.3048979250072739,3.0554321513478166,2.4040935066234486,0.9997233407674763,0.0004979866185426614,Dano moderado,0.5831524986389444
22,101,101,1,4,974.5489663893076,9.022795182810174,0.1735963851792125,1.6671735030428814,1.2885282567433294,0.9997475919656934,0.0004543344617519608,Dano moderado,0.5530213538953057
22,101,101,1,5,1008.2853254045127,7.292362813433477,0.9999999999999999,7.761886546505316,6.67825420572656,0.9952832027358272,0.008490235075511058,Baixo dano,0.420072234956094
